,TotalFlow,OverflowActive,Inflow,Treated,Retained,Released,RetentionVolume,PlantStatus,KP26_Split,OverflowVolume,KP1_Flow,KP2_Flow,KP4_Flow,KP6_Flow,KP7_Flow,KP8_Flow,KP9_Flow,KP10_Flow,KP11_Flow,KP16_Flow,KP25_Flow,G-T1_Flow,ŁPA-P1_Flow,LBT1_Flow,M1_Flow
0,812.1883527315689,0,812.1883527315689,812.1883527315689,0.0,0.0,0.0,NORMAL,0.0,0.0,9.74162669100176,144.9759073440714,7.546084662089446,80.13518849206932,13.456423519025842,91.9968280894643,0.7755962318611966,6.247777086395492,23.860185520762712,105.60846980640956,0.3744853010863666,53.72249190675842,0.0769690603002272,9.644439919622524,854.9351081384937
1,640.8171156734255,0,640.8171156734255,640.8171156734255,0.0,0.0,0.0,NORMAL,0.0,0.0,8.855485847990595,127.34758813636824,7.036877962862957,72.70248152809125,11.173866414910012,58.79313137055385,0.7723604535768765,5.176239552571402,16.265542438036647,85.07403049149113,0.5597044167765584,44.30615439894008,0.3922011008367885,7.227797755471057,674.5443322878164
2,511.97302555904895,0,511.97302555904895,511.97302555904895,0.0,0.0,0.0,NORMAL,0.0,0.0,7.534014255129414,104.85972380072027,6.440314462393819,54.94223462889994,9.642153914565597,41.888205365733256,0.7106246188009309,3.4591027191220998,12.455790059041473,71.59184583049262,0.5780025255262818,33.77038086079081,0.5805714051954332,5.859300012423522,538.9189742726832
3,415.106006353743,0,415.106006353743,415.106006353743,0.0,0.0,0.0,NORMAL,0.0,0.0,7.451528935454236,90.84091251947929,6.63343755016473,40.869245347262144,8.566286054976057,40.139987435729466,0.7011379153572321,3.0880679079014564,11.77564244102344,64.15152669447028,0.6980305155478794,32.61768527262946,0.6429017842745821,5.161328260205768,436.9536908986769
4,407.9178900606898,0,407.9178900606898,407.9178900606898,0.0,0.0,0.0,NORMAL,0.0,0.0,7.553365329408819,84.9293546882526,6.204817801103031,39.149009979263596,10.070407051605923,37.649922588060875,0.8066239517447041,3.4107502397358074,9.781346776739763,61.318028081169906,0.4230912651115794,34.20560331756712,0.4884440601521464,5.424605546025421,429.38725269546296
5,402.663434151505,0,402.663434151505,402.663434151505,0.0,0.0,0.0,NORMAL,0.0,0.0,7.643014464830689,80.82611986383874,7.423280003517559,40.094456693586785,10.964521937374668,37.56096252597787,0.7398659466859308,4.125188617114184,10.683456491847272,58.415962638529265,0.8811274415420837,35.35625809570132,0.39409475083696255,5.819602851882315,423.85624647526845
6,442.552599192443,0,442.552599192443,442.552599192443,0.0,0.0,0.0,NORMAL,0.0,0.0,8.405949460215577,83.0517798195713,7.953388868596222,39.54080655856165,12.963606178616557,47.206205977700876,0.860173909201606,4.6979754154792355,12.495553509622633,61.65664955787598,0.8182122915778647,37.74513311357524,0.5395545146245155,7.452582608985594,465.84484125520316
7,579.0227143025403,0,579.0227143025403,579.0227143025403,0.0,0.0,0.0,NORMAL,0.0,0.0,10.874792865014202,89.09751757487427,9.405771783607518,53.035821214269845,13.99938777015271,72.94760464743905,1.232867747766708,7.21231257671259,19.214866138226284,67.29779077954777,1.3732358714761446,44.141793453836584,0.5838685899650751,10.172204931095207,609.4975940026741
8,683.8115779750468,0,683.8115779750468,683.8115779750468,0.0,0.0,0.0,NORMAL,0.0,0.0,8.910056853418126,102.37277352973591,9.212318113734037,68.1400686792636,18.101025867081617,92.06883956452008,1.4557881599063078,8.711828026147568,25.244165120712896,85.41005601306853,1.3650118748502502,45.96532482228664,0.616271729626597,12.17263370267094,719.8016610263651
9,822.2700888415052,0,822.2700888415052,822.2700888415052,0.0,0.0,0.0,NORMAL,0.0,0.0,9.104647267874064,130.66994154030618,9.519160885176168,78.18463976844593,18.663655094631586,115.62095378998715,1.618485243208944,10.01176198887296,30.22040479059038,98.02820082865229,1.7246158126524573,60.77493362082298,0.665837431557978,13.016125105227951,865.5474619384265
10,915.9618307448434,0,915.9618307448434,915.9618307448434,0.0,0.0,0.0,NORMAL,0.0,0.0,10.324679046731204,145.89874937580157,10.73808857112428,84.70182158862724,19.04652092196678,122.57050315598791,2.1119305950948886,12.193597020738098,32.345734529892866,117.6101020705409,3.069745306773672,70.11166303814117,1.8062485228794725,15.446043955095783,964.1703481524668
11,967.2293696233669,0,967.2293696233669,967.2293696233669,0.0,0.0,0.0,NORMAL,0.0,0.0,12.268262364240599,163.5532799517419,11.886436188391674,88.85926531098033,20.835167531114045,116.21957987552163,2.593538073411479,11.43340226771734,34.37982336435444,132.03738583851168,3.8505729797103054,66.87186806803011,2.5815413182277087,16.134618598038685,1018.1361785509125
12,975.9890004237383,0,975.9890004237383,975.9890004237383,0.0,0.0,0.0,NORMAL,0.0,0.0,12.768404975655836,169.66355811578066,11.870157583223866,95.81966299324705,21.953408293398653,118.95028440072582,2.84830226682467,12.029562030543891,35.390098824621326,129.8604748011431,4.178309863174111,62.27471767935599,2.701277077748046,15.790349144859162,1027.3568425513035
13,1000.7861165704229,0,1000.7861165704229,1000.7861165704229,0.0,0.0,0.0,NORMAL,0.0,0.0,14.383304907702287,179.9585983299485,10.656729967491124,94.17141115734336,22.657707906857993,122.61603714479614,2.730938877358197,11.473723676013016,33.82494726711117,136.44910573005808,4.239789621335646,66.38224230251039,2.884808249389024,16.300246678080285,1053.4590700741294
14,1009.1405921287856,0,1009.1405921287856,1009.1405921287856,0.0,0.0,0.0,NORMAL,0.0,0.0,16.243988210122904,180.1252335958892,11.638448784672349,87.66899311375275,23.18690198785644,117.65152678172947,3.099124890448112,11.235335447180287,34.8104632936733,137.9086231319154,4.64706006185206,65.67079785672178,3.5368113394990726,15.172445087135916,1062.253254872406
15,1029.5889321162197,0,1029.5889321162197,1029.5889321162197,0.0,0.0,0.0,NORMAL,0.0,0.0,16.672011472503574,195.0333564097122,12.928788554420084,97.73344327626765,24.68131198518671,120.57691805672863,3.7190910956220327,11.029109705888716,36.33275651005798,143.44675186360578,5.295954766595256,65.85035125919529,4.043728983845339,15.300006400066241,1083.7778232802314
16,1017.3142635305032,0,1017.3142635305032,1017.3142635305032,0.0,0.0,0.0,NORMAL,0.0,0.0,16.513159151047034,177.69669963901293,13.224077969461689,92.8326923376728,25.247730618388065,122.05694928427619,4.200724145320366,11.427795493006226,38.24955445996285,128.9136098826937,4.939213272373662,58.11218413633479,4.505383458272423,15.842514188729554,1070.857119505793
17,979.5694498591923,0,979.5694498591923,979.5694498591923,0.0,0.0,0.0,NORMAL,0.0,0.0,15.668370363791624,166.3262054871088,13.881867050803658,84.03905200002775,22.675303182499523,121.76899863120468,4.5977795376574155,11.318172271263752,34.61321058224378,122.28678867580521,5.36979675197436,57.437400411630854,4.501465795993959,17.62507963337327,1031.1257366938867
18,984.7216130706973,0,984.7216130706973,984.7216130706973,0.0,0.0,0.0,NORMAL,0.0,0.0,15.565385639020732,158.60058197526632,14.306517450223755,76.43121699236717,25.11920228747455,128.2925853046836,4.712407990219366,12.635194736161449,33.72581778871926,119.97569401144821,5.757110218449781,53.70848824441828,4.959604106606291,17.490076771537304,1036.5490663902078
19,951.3428054751851,0,951.3428054751851,951.3428054751851,0.0,0.0,0.0,NORMAL,0.0,0.0,15.742066912212058,149.285039595824,12.931672710361157,79.01846232437009,24.121644485262763,133.10000888604694,4.7254531437619764,13.687082839786521,34.43023955580084,115.17213284819557,5.261671095514118,57.84947624940379,4.428176311929611,17.367383093382376,1001.4134794475633
20,1048.8261920882858,0,1048.8261920882858,1048.8261920882858,0.0,0.0,0.0,NORMAL,0.0,0.0,17.381471858164605,153.0025925948713,15.209592235101699,77.30337272655977,24.36251050786155,149.4238842227425,4.697317511995086,16.01362982321882,38.5485998225437,116.78553419738347,5.119286917776053,65.43391332194446,3.760567964565703,19.296230974702993,1104.0275706192483
21,1159.466395485637,0,1159.466395485637,1159.466395485637,0.0,0.0,0.0,NORMAL,0.0,0.0,16.191966244509434,162.53565904534048,15.805282236542864,82.92357785696515,23.256096762735755,167.93231698245313,4.543646541354712,17.64284721943918,50.65958151698128,126.56681275473147,4.802410616803285,66.24541511238873,3.961470434694683,21.330289490535026,1220.49094261646
22,1192.4615898151599,0,1192.4615898151599,1192.4615898151599,0.0,0.0,0.0,NORMAL,0.0,0.0,14.115287616520604,166.66153884187244,14.345623622419408,83.55483068064413,22.470069326234224,183.41894438305303,4.62320601469023,14.506790928654588,44.09398405977312,131.78358211471473,4.206707074325579,64.69407682028529,3.7613006021937028,19.147239356626397,1255.222726121221
23,1080.4143145510266,0,1080.4143145510266,1080.4143145510266,0.0,0.0,0.0,NORMAL,0.0,0.0,12.96431192443687,170.10413447905424,13.744172894968594,77.2548757313038,19.554686941086786,150.11651066861188,3.977323108804439,12.709050195333147,32.998746375076564,130.46798800306016,3.119902715952271,55.44681982847464,3.737022846072495,16.05478710515734,1137.278225843186
24,940.9157181706424,0,940.9157181706424,940.9157181706424,0.0,0.0,0.0,NORMAL,0.0,0.0,10.218085919348582,157.4277085855841,11.337726006159103,74.21902094240698,15.466222001462258,117.23478455707703,3.49823732765517,8.80456136973977,25.412013633784134,118.9315878441481,3.1973543916976386,46.21835232165902,3.341667365426371,14.128278932735169,990.4375980743605
25,754.2219883172133,0,754.2219883172133,754.2219883172133,0.0,0.0,0.0,NORMAL,0.0,0.0,7.42007793479471,137.746296988704,9.584129473611231,61.545253350597186,13.687069988481277,87.34719739494335,3.0358844477078066,6.91262402146928,17.82204543870089,98.47409636706045,2.608836424036793,37.13111824646974,2.836040225073323,10.962516656107821,793.917882439172
26,609.5185763819003,0,609.5185763819003,609.5185763819003,0.0,0.0,0.0,NORMAL,0.0,0.0,7.056809568059766,118.81752559796715,8.703979771532707,44.50693027680873,13.053959256554794,68.77590176818443,2.7395106086541343,5.415401639736373,12.50396736144303,85.96523792573274,2.3155844360913123,29.063367747627662,2.436950110257752,9.013470631231021,641.5985014546319
27,531.880443554773,0,531.880443554773,531.880443554773,0.0,0.0,0.0,NORMAL,0.0,0.0,7.1107399882403115,96.89675037781359,9.034371989132094,36.51642351104309,11.257175415676802,61.67705136424659,2.3788398238825437,4.911794736198314,10.37412115444992,72.08772967953686,2.139440170644186,27.57128058642435,2.0119962305041157,8.163791334935327,559.8741511102875
28,471.6812221805656,0,471.6812221805656,471.6812221805656,0.0,0.0,0.0,NORMAL,0.0,0.0,6.708623020887974,89.07742279694054,8.38903541241332,34.32598331059919,12.200302821923138,55.639154315487005,2.5284138616996357,5.733455525405132,9.674550082142735,64.47910801837135,1.9987489847655433,28.480320946738473,1.8909222221319526,7.3074175615519925,496.5065496637533
29,457.57858566854077,0,457.57858566854077,457.57858566854077,0.0,0.0,0.0,NORMAL,0.0,0.0,7.853837796693953,89.05690991150146,8.435513535718826,34.57653951698659,13.352755854163348,49.50799483433295,2.385777244224948,6.13037750920334,10.638860931944228,64.49940223183575,2.5295566724963807,29.46642969975491,1.7518049198880965,7.408107569452374,481.6616691247798
30,552.2377763265231,0,552.2377763265231,552.2377763265231,0.0,0.0,0.0,NORMAL,0.0,0.0,9.292466394992973,95.91479641885277,9.701864950973206,43.00227036165658,16.92205105724085,59.42480030534034,2.809379568246791,7.119286374898475,14.2320206250564,71.44759969346583,3.504176299339801,36.77513046770185,2.8839365384762097,9.607521339782581,581.3029224489717
31,672.7447588912742,0,672.7447588912742,672.7447588912742,0.0,0.0,0.0,NORMAL,0.0,0.0,12.600981766394755,97.58456371456535,11.096596337804947,52.63598867116521,16.69318800786557,78.14464503107587,3.3465086869246545,8.996046533384785,21.38173093672048,72.01376513880746,4.213672594556826,44.632331371975425,3.3380107844701823,11.874823063362763,708.1523777802886
32,781.0908397492619,0,781.0908397492619,781.0908397492619,0.0,0.0,0.0,NORMAL,0.0,0.0,11.505448403806895,113.9818846421304,12.067185547679314,63.80409540944526,21.057028381224725,107.39666823260421,3.886857465149329,12.043612569227118,27.736496927969664,91.0291117384863,4.178288280355645,49.11601039282855,3.561104709802706,13.907851836568032,822.2008839465916
33,964.2019184536941,0,964.2019184536941,964.2019184536941,0.0,0.0,0.0,NORMAL,0.0,0.0,11.594616813066782,138.6671553294794,13.101751391924632,81.46726689408723,23.590943572302088,122.43025534110646,4.204894703933508,12.51403645122487,35.43453212996232,101.03633243887303,4.655732591375751,60.03186217554741,3.6388746265150234,16.79901535006147,1014.9493878459939
34,1045.256004918755,0,1045.256004918755,1045.256004918755,0.0,0.0,0.0,NORMAL,0.0,0.0,12.596246933638312,150.5895229206644,14.826660333767972,89.24535241799981,23.528928123264087,135.05882553418593,4.622294188307158,13.781998528637631,37.71229283319323,115.58467838172454,5.0268289038667655,64.0132546293541,3.6575919128906413,16.53081310088785,1100.2694788618473
35,1015.7658366663005,0,1015.7658366663005,1015.7658366663005,0.0,0.0,0.0,NORMAL,0.0,0.0,11.63432005727462,153.03776702429502,14.791232050998266,94.84221619449885,23.63338360353224,139.25074323272287,4.5574550435155565,14.219217148613609,37.17339832769003,116.61088346693549,4.595828166455271,60.46701555346646,3.359999120092599,16.461057738462355,1069.2271964908427
36,1005.6201839100144,0,1005.6201839100144,1005.6201839100144,0.0,0.0,0.0,NORMAL,0.0,0.0,11.662680869543511,164.53704343255515,13.904081069808251,91.75858229526474,25.302213062160604,133.81418614800782,4.32391087093716,14.179107666269022,40.816731391635386,118.20734743709798,4.030490374257779,54.67128670120714,2.790760113388798,17.501756244718273,1058.5475620105415
37,1022.9477102360524,0,1022.9477102360524,1022.9477102360524,0.0,0.0,0.0,NORMAL,0.0,0.0,13.83544771546358,171.41555461788658,12.18404185278519,93.73083067589587,23.576007266900728,143.7251518328932,4.26446839269021,14.079703294752571,38.62323487730999,123.8625153286381,3.879158060698475,60.71181743938391,3.2743059062045514,19.2402137113906,1076.787063406371
38,973.5374215096854,0,973.5374215096854,973.5374215096854,0.0,0.0,0.0,NORMAL,0.0,0.0,15.406928272097845,166.3062846230475,12.426671152750247,93.7535302233909,22.63728641803972,128.2711915339499,3.951338401693444,13.250876467593164,36.46389413672579,124.41628865344356,4.161386462827114,63.87480165279747,3.565062506674997,19.274739662116694,1024.77623316809
39,966.00588037924,0,966.00588037924,966.00588037924,0.0,0.0,0.0,NORMAL,0.0,0.0,15.537167122847922,162.7892108865526,13.284182257352818,89.49320292116245,21.891559834801594,123.80019247691627,3.6483077543173037,13.101428064531799,36.05518217820713,109.06197623042526,4.631539911845028,62.61307768131568,3.695851907334876,16.203610095053143,1016.8482951360421
40,966.4987940431282,0,966.4987940431282,966.4987940431282,0.0,0.0,0.0,NORMAL,0.0,0.0,15.083122810453048,156.67742304052376,12.06845787972944,85.10406490395704,20.08691432025514,120.852669547877,4.309355959796386,13.262976331242129,36.30996869078538,107.15162075064475,4.1850988367071675,58.21921763730935,3.8673120740806395,15.503162045859211,1017.3671516243455
41,969.0646661568654,0,969.0646661568654,969.0646661568654,0.0,0.0,0.0,NORMAL,0.0,0.0,15.567976650746278,148.70199982153622,11.022950080300772,81.32723561945039,16.791655205127693,118.78621967464014,4.0417480477271805,11.683200199983089,37.37575842209694,107.34178650880312,4.240935705527067,56.015946770169236,3.282437004710692,14.763629958229181,1020.0680696388058
42,936.7968467006237,0,936.7968467006237,936.7968467006237,0.0,0.0,0.0,NORMAL,0.0,0.0,14.740217939741852,148.77413612543856,11.772887946498761,82.61707566093484,20.162289361145703,117.25850167546452,3.9029140104271294,12.189022361242218,35.3190880283829,113.83167562891774,4.113908854751949,52.33291674605676,3.42632840406292,15.277225226079475,986.1019438953934
43,930.616946173392,0,930.616946173392,930.616946173392,0.0,0.0,0.0,NORMAL,0.0,0.0,14.987205646383869,149.6350280156287,11.605037984212586,76.92569879726325,22.3960680200989,134.55039795552042,4.11282636171431,12.129463403731815,35.30688457561106,115.28085456782624,4.544927886456276,54.72000525709441,3.5721198259970985,16.27490595442859,979.5967854456758
44,1013.3634045959776,0,1013.3634045959776,1013.3634045959776,0.0,0.0,0.0,NORMAL,0.0,0.0,16.47237471182587,154.11933764960287,14.539484856802197,75.49162013978463,23.255592665547226,144.9842313221552,4.543125666709746,15.4584816043748,39.522766458456026,119.35728543675084,5.186390969970128,60.51887896050334,3.665811413681363,19.496232573013042,1066.6983206273449
45,1117.7276872680095,0,1117.7276872680095,1117.7276872680095,0.0,0.0,0.0,NORMAL,0.0,0.0,19.648767005635868,156.58883383360939,15.221658567613161,84.70977434591367,26.095201678072158,154.30662212567876,4.338878120465828,17.5639148423265,55.077689782070884,123.5589154295431,4.504843713049542,68.03329098326638,3.614609380413447,20.633065483999868,1176.5554602821153
46,1127.2006023097604,0,1127.2006023097604,1127.2006023097604,0.0,0.0,0.0,NORMAL,0.0,0.0,18.88291141425226,156.04877807452706,13.88222087262647,87.58139753729749,24.07827405716965,171.0883967582157,4.037471366477919,15.907469589546343,52.86412804703334,121.84307992793943,4.263611307758873,64.69370085577127,3.506031593127452,19.849435312552803,1186.5269497997479
47,966.7566635419527,0,966.7566635419527,966.7566635419527,0.0,0.0,0.0,NORMAL,0.0,0.0,15.948867352034897,152.55164356839296,12.563357626536437,81.87539980978858,20.602718623044407,135.24761523457892,3.602679745125134,13.124769531799124,36.11288413567595,110.02209414284036,3.1817954058487836,58.087991538019,3.5884233501315452,15.560187731486135,1017.6385932020555
48,801.287280817054,0,801.287280817054,801.287280817054,0.0,0.0,0.0,NORMAL,0.0,0.0,12.875263255137162,140.5985456429163,11.084649912731445,70.80567001112628,16.20554835394772,98.9436591063859,3.365661039992393,9.695163916603114,28.80673411222956,97.79380384405978,3.548333483609426,45.06742720089809,3.342691954115857,13.222047699874004,843.460295596899
49,654.7584697457976,0,654.7584697457976,654.7584697457976,0.0,0.0,0.0,NORMAL,0.0,0.0,10.10073530386097,120.71942634968681,10.321799572185327,61.97681896240863,12.387808982630354,67.89861551253479,3.047437966118868,7.241043975073286,21.461366719666135,78.53701348057064,3.0073608251669746,36.57650539027097,2.804744782648219,9.320069642947079,689.2194418376816
50,503.5275814745241,0,503.5275814745241,503.5275814745241,0.0,0.0,0.0,NORMAL,0.0,0.0,8.400191974616689,98.37517785589006,8.912517072553715,43.81689736219904,10.530235374720801,51.438191257651134,2.743815714930119,5.3546688436827266,16.266548725597495,64.66758899205647,2.489999585141387,30.37338899648986,2.6418585484365407,7.18735323492945,530.029033131078
51,440.41850530463154,0,440.41850530463154,440.41850530463154,0.0,0.0,0.0,NORMAL,0.0,0.0,8.667944147082169,85.77053410922474,8.955042937429038,33.71829711178791,9.637537673167191,45.70216658802488,2.317414408124017,5.0929087457970015,14.520342115171792,58.24677329712621,2.223428869395054,31.86875936278959,2.3193333676689,6.5120606569359865,463.5984266364543
52,438.47096466876513,0,438.47096466876513,438.47096466876513,0.0,0.0,0.0,NORMAL,0.0,0.0,8.836963181727072,81.64833635777308,8.947499910961305,32.3304173901657,11.72406859259766,43.54940030914109,2.6308105209567074,5.757757458648285,12.628516882498682,56.307007853612184,2.656325574730416,34.62552455329535,2.805356969652966,6.690042031692366,461.54838386185804
53,457.4016563770876,0,457.4016563770876,457.4016563770876,0.0,0.0,0.0,NORMAL,0.0,0.0,10.206828545378704,85.32557536079473,9.545516688698983,33.392946957355925,13.822771251615142,44.38369836482973,2.706957191339182,6.709087661334468,13.215447791121175,59.72154550862059,3.390889065815373,35.81806358933304,2.887762863487945,7.492680270052532,481.4754277653554
54,505.47627936228014,0,505.47627936228014,505.47627936228014,0.0,0.0,0.0,NORMAL,0.0,0.0,11.675084414258421,86.11821417879979,10.368145445815165,37.70212939920236,15.774307181467837,51.48576860659122,2.789471669450378,7.101020606283742,15.851582706243752,63.40652674243913,3.581502313383251,40.04347079724459,3.08911181008927,9.285381755445803,532.0802940655581
55,628.1534850787904,0,628.1534850787904,628.1534850787904,0.0,0.0,0.0,NORMAL,0.0,0.0,13.96800047323961,87.97308417387828,12.459206836048477,45.70912905797263,16.997967269166793,73.53286866729536,3.216228110558309,9.124857134073938,20.912856371166864,67.31227898354786,3.907072158516636,47.887874771423206,2.8836195262717066,11.930498107197925,661.2141948197793
56,736.1032893516763,0,736.1032893516763,736.1032893516763,0.0,0.0,0.0,NORMAL,0.0,0.0,11.840989305790727,101.21011728688009,12.742504256560096,57.871727148824064,20.329117826838228,98.60867922334816,3.3766531254324264,11.504537705557006,26.617619283293372,82.3323390847153,3.9934193625918195,49.397812297762776,3.1806305890925763,14.199861555076263,774.8455677386066
57,892.8674970061999,0,892.8674970061999,892.8674970061999,0.0,0.0,0.0,NORMAL,0.0,0.0,13.101656023759016,129.82057989263114,12.36539738970396,69.00138672001856,20.945538827816456,124.47876266856447,3.289906635072392,12.672281440617844,28.89082496016832,94.09089991389907,4.743816556386403,61.97395527373456,3.4212661962902113,16.005951833366474,939.860523164421
58,955.9473479650056,0,955.9473479650056,955.9473479650056,0.0,0.0,0.0,NORMAL,0.0,0.0,13.975452993853953,131.16431752635953,12.421020345926266,79.28573807657207,22.14245577917734,130.38025887147467,3.268693986391061,13.731507410161996,30.723337295919524,100.72898734950596,4.5533194466872855,71.86126066306085,3.355863053475973,16.54059057501542,1006.2603662789534
59,1000.9329215115689,0,1000.9329215115689,1000.9329215115689,0.0,0.0,0.0,NORMAL,0.0,0.0,12.738529566065774,144.5873754919042,12.089083611290643,77.75169236722554,22.091460689225283,133.85923290677482,3.3070925085994904,12.331455425691953,32.361644049204536,114.2390905720801,4.009304796967526,67.32494073737249,3.031389493953064,17.492459404225983,1053.6136015911252
60,965.2799252630082,0,965.2799252630082,965.2799252630082,0.0,0.0,0.0,NORMAL,0.0,0.0,13.147203400691014,153.58636863885243,12.273339185916619,80.64669198400827,24.036945203112147,126.41038427428646,3.4332023793478217,12.156582214248377,34.350071844327346,117.49826420705583,4.077937087757029,63.07416716044901,2.5662859722741573,17.911848194486947,1016.0841318557981
61,961.9915041136711,0,961.9915041136711,961.9915041136711,0.0,0.0,0.0,NORMAL,0.0,0.0,13.598461189955056,150.5987960303497,11.472400713742868,79.5910042757601,23.713939981433974,126.74807273711384,3.468391231256472,11.948620701842882,35.937950403522045,113.81657405618604,3.7931079558900658,63.98200921251283,2.6318794888601427,18.032120129915043,1012.6226359091276
62,964.6120121077139,0,964.6120121077139,964.6120121077139,0.0,0.0,0.0,NORMAL,0.0,0.0,14.846385466874658,155.3540068544271,11.295068988038306,81.25734071306877,23.068583211033676,121.80991430647428,3.3679882251888436,10.895004376892613,32.494216360501966,118.92271985914512,3.4251330862368023,68.88854258855655,2.2521739726718146,17.055792656120133,1015.381065376541
63,1001.2956084249382,0,1001.2956084249382,1001.2956084249382,0.0,0.0,0.0,NORMAL,0.0,0.0,13.293178058467978,155.13967715706087,11.994276357999503,89.57455456285783,22.528536978620537,117.92987125723401,3.241894156357624,10.523049662841514,33.86216784481942,111.04974264894263,3.354925373886316,66.70651018943414,2.1324606226802914,14.88081488279334,1053.9953772894087
64,956.8272836499982,0,956.8272836499982,956.8272836499982,0.0,0.0,0.0,NORMAL,0.0,0.0,14.186381883805009,152.03657954680193,12.007735901277837,88.28837290289592,20.33220152423333,112.62016342230326,3.2530349818778355,11.568220140941655,33.434376183200555,103.55956150410725,3.167022377214598,61.12333138822076,2.2163039405327853,15.91870845836761,1007.1866143684192
65,935.9105262335258,0,935.9105262335258,935.9105262335258,0.0,0.0,0.0,NORMAL,0.0,0.0,14.2231190965298,145.15555740787465,9.98713708649852,89.74644660356087,18.463947862019637,118.14709486627622,3.39701082574327,10.12934369394718,33.37171201772416,100.5042636352203,2.9296122713037938,61.1342485580329,1.7611022291940626,15.456929192464361,985.1689749826588
66,912.6348583741989,0,912.6348583741989,912.6348583741989,0.0,0.0,0.0,NORMAL,0.0,0.0,12.493813126424277,136.23728166558658,9.94491636574805,83.71679100977414,19.162685844863223,115.66163286672639,2.732435991177764,10.973793285161149,36.871760987077614,102.19231959753624,3.0413933292366147,59.44133959701573,1.92940322966248,15.610064811937365,960.668271972841
67,938.9636305040423,0,938.9636305040423,938.9636305040423,0.0,0.0,0.0,NORMAL,0.0,0.0,12.99445665942198,131.5459192625994,11.14268056444781,74.88758662082127,19.835920619188915,115.14247763028165,2.666288092419776,11.432516422294578,37.25599892756794,98.0887621069869,3.1639462998887753,62.2729760960441,1.8544362286193914,16.42782364473934,988.3827689516235
68,1030.2227458630043,0,1030.2227458630043,1030.2227458630043,0.0,0.0,0.0,NORMAL,0.0,0.0,13.972089298359693,144.2452822921886,12.998268156242885,80.28486900048817,21.24096067693783,149.03378386388047,3.225139371672992,14.790331980191661,41.28026792004591,111.54661951419222,3.4249899229568506,66.32894347362311,1.8448455762105156,18.651425626202183,1084.4449956452677
69,1094.148464308756,0,1094.148464308756,1094.148464308756,0.0,0.0,0.0,NORMAL,0.0,0.0,16.690712290124136,157.57662942079105,13.190253467928686,89.34311256759173,21.636993626183,159.5978833005977,3.16705303912305,18.024046104330022,52.81702605739394,125.76155693744384,2.655205671285001,73.40574898275364,1.5723183180869047,18.94732895652985,1151.7352255881642
70,1084.7558913963292,0,1084.7558913963292,1084.7558913963292,0.0,0.0,0.0,NORMAL,0.0,0.0,15.777297485287052,157.0184171957436,12.2659773204975,90.9486753092917,21.278483246845987,163.48007403793878,2.717539963193012,14.17935474498783,47.77720580254612,121.74558986869168,1.8887960209584165,73.50074130379744,1.3934881052302388,16.128901669588892,1141.848306732978
71,976.3835488626892,0,976.3835488626892,976.3835488626892,0.0,0.0,0.0,NORMAL,0.0,0.0,12.267755423389046,152.0225476157826,10.7608386641952,84.39432440003456,17.42752871101966,138.11337951710254,1.8623202861698416,11.517423778590858,32.48642753231113,110.52008555017235,0.8281975181331147,66.98078491883739,1.35266203986804,12.397425994538665,1027.7721566975677
72,860.8500813384825,0,860.8500813384825,860.8500813384825,0.0,0.0,0.0,NORMAL,0.0,0.0,9.749308418156561,146.58468880673755,8.91152499392513,71.50264502311018,14.815270854126739,107.96885058174283,1.5704063347368893,7.752962786519207,23.132063522141383,104.10516464178042,1.072237660976886,58.32137083450374,0.9768446471303418,7.896218459606345,906.1579803562973
73,693.566274610587,0,693.566274610587,693.566274610587,0.0,0.0,0.0,NORMAL,0.0,0.0,7.843578806864096,131.09233368309532,7.522501263112102,64.9062421219351,12.423712285965872,77.24626086664611,1.2599714618019568,5.797139194422227,16.69118916927399,89.56826163217411,0.9369510789659232,46.78471724543354,0.8545181360063505,5.808811192932805,730.0697627479864
74,558.1913020432993,0,558.1913020432993,558.1913020432993,0.0,0.0,0.0,NORMAL,0.0,0.0,7.142179626384344,108.60240130134092,7.1994833262230395,42.46198381309909,11.062153418035974,56.31991527792481,0.9918121710489697,4.684825960664858,12.006520270856363,74.3963206173992,0.7119889034842893,35.57260864850972,0.7344022814506506,4.854604051332724,587.5697916245256
75,490.11797396995405,0,490.11797396995405,490.11797396995405,0.0,0.0,0.0,NORMAL,0.0,0.0,7.328123829961294,93.96654882642336,7.211055806217312,33.4627652200832,9.689185070339818,49.97340419685933,0.8488992657365082,3.9302162538261367,10.335106317461701,67.57168959460435,0.6274269556989304,35.66100078631549,0.5973134861120837,4.071909290549468,515.913656810478
76,448.56239779412647,0,448.56239779412647,448.56239779412647,0.0,0.0,0.0,NORMAL,0.0,0.0,6.706526760801937,84.18788893938427,6.236038797549097,34.617510742232064,10.624710595037245,45.62882108254648,0.8720042633230366,4.119211132299312,9.046919537630837,60.91510242222879,0.48580611531497675,35.51205316511514,0.5838318408780431,3.951968881291073,472.17094504644894
77,456.726846917424,0,456.726846917424,456.726846917424,0.0,0.0,0.0,NORMAL,0.0,0.0,7.40483676193423,81.81485531877377,6.838611241993122,38.41420347036956,10.79166886178158,40.83908627257656,0.7818663949280753,4.826946864119519,8.809656112733585,61.073827281394585,0.9615011638016375,37.723367774435054,0.46486317710628405,4.821692658540467,480.76510201834105
78,488.37377649147857,0,488.37377649147857,488.37377649147857,0.0,0.0,0.0,NORMAL,0.0,0.0,8.639534204795448,80.55092018578578,7.645952306573627,42.940660821676616,12.359303370395189,51.328525742122764,0.8595529385301327,5.263201406500825,10.81160878121513,63.40982859709568,0.8079035838220954,42.08716581686903,0.5273506735169152,7.231890340016884,514.0776594647143
79,580.1664281654852,0,580.1664281654852,580.1664281654852,0.0,0.0,0.0,NORMAL,0.0,0.0,10.924196988508909,85.81253234869983,9.728599800444716,52.193618652066576,13.045051720836936,71.4643637022439,1.2136546926918517,6.815099473458832,15.175333075802053,68.68739597442392,1.1806141947925357,48.62317670147774,0.4978130994697833,11.198250727714543,610.7015033320897
80,698.6153739144935,0,698.6153739144935,698.6153739144935,0.0,0.0,0.0,NORMAL,0.0,0.0,9.319546138896637,98.12075520872567,10.58441723855111,64.29687885871573,17.92359546707259,102.81049434592289,1.5632591043473312,8.777727587831487,23.067174772507627,84.37301242493058,1.293889153494936,45.70602436331898,0.49894260402861507,14.019691223890378,735.3846041205195
81,853.5578200408204,0,853.5578200408204,853.5578200408204,0.0,0.0,0.0,NORMAL,0.0,0.0,8.729457712665164,123.11371977945183,11.398628172600098,78.1954198945501,21.796284870993578,119.36571265850573,1.5278457220385275,8.908791457485497,28.493574415328148,93.98923724526333,1.477059587738784,57.39128256305095,0.49100615215686894,16.22401729502046,898.4819158324426
82,938.2920463069404,0,938.2920463069404,938.2920463069404,0.0,0.0,0.0,NORMAL,0.0,0.0,9.191104234689647,138.38311956997438,11.353091176260579,87.71985728386714,20.31679372618598,126.32893053052695,1.5642711895110537,9.741578061975355,26.540157784544213,115.28915581964962,1.4916162709742833,59.80340602890536,0.4940082645048971,14.277407753998114,987.675838217832
83,969.1287118947271,0,969.1287118947271,969.1287118947271,0.0,0.0,0.0,NORMAL,0.0,0.0,9.6561637855812,147.47956850506372,11.714119008820054,96.96711647926323,19.49711738686976,128.76244796002345,1.8482215246391935,9.878242713749618,29.3323398578156,121.43162415349339,1.555646162379707,60.85507738445457,0.7160051557650863,13.863099426973426,1020.1354862049759
84,959.9267968445408,0,959.9267968445408,959.9267968445408,0.0,0.0,0.0,NORMAL,0.0,0.0,10.631584528180309,166.0304303980706,11.790581117677803,95.30276894463975,21.799411640982008,128.9399163525676,2.0288517799980883,9.25537654366818,28.71254681909689,130.71478109691165,1.8215202895819846,54.42167524658956,0.5719088497881419,16.188269740684753,1010.4492598363588
85,987.7768243243526,0,987.7768243243526,987.7768243243526,0.0,0.0,0.0,NORMAL,0.0,0.0,11.576621219514482,178.62454911235062,11.965622714519078,90.3725806301274,22.657801560294377,132.0990054243512,2.120215509260094,9.049254884659875,27.59368976666793,137.69144183481762,2.5847884463974973,62.02968280568067,1.4130103196509067,14.874136254742169,1039.7650782361607
86,1039.9985275521024,0,1039.9985275521024,1039.9985275521024,0.0,0.0,0.0,NORMAL,0.0,0.0,12.802580776245744,178.9145686792952,12.332593770445346,86.14966953848035,24.213316932263997,124.89769832583221,2.4568211992287567,8.526704589246169,26.471424201360808,142.14644058069524,2.965748932548544,68.01925875146236,1.9427981047880163,14.423647662616052,1094.7352921601077
87,1043.6825225791588,0,1043.6825225791588,1043.6825225791588,0.0,0.0,0.0,NORMAL,0.0,0.0,12.574556334344347,183.0064482511917,12.067883671264195,86.35907592192085,23.24203406766406,129.08014208580647,2.474313943466647,9.493365760831715,26.170189470333032,133.74217539911103,3.3308206537054557,60.58424024178283,2.0197292291474196,13.167541844127337,1098.6131816622724
88,1003.0628796058413,0,1003.0628796058413,1003.0628796058413,0.0,0.0,0.0,NORMAL,0.0,0.0,13.504009250160923,169.67355309001752,13.077630390822614,92.56725158630121,22.01728831165701,128.75458666137052,2.912319854693799,10.020628209357621,22.586303119839467,120.41276497416627,3.3749982170097956,52.721206206681074,2.498903675752861,12.862004334304423,1055.855662742991
89,942.6322037940473,0,942.6322037940473,942.6322037940473,0.0,0.0,0.0,NORMAL,0.0,0.0,13.329314714868216,156.56941898314525,12.875836126737209,80.17157208365931,18.695599229692416,121.91791399930403,3.3259735812618607,9.196263005201788,24.095301821253617,114.22044128964302,3.6115121812781186,47.64955284205137,2.465691287697462,13.459119547756316,992.2444250463657
90,952.8534781132714,0,952.8534781132714,952.8534781132714,0.0,0.0,0.0,NORMAL,0.0,0.0,13.414242276169595,153.97922233091361,12.90683779069029,84.58512730845652,21.90339687912432,122.79041191520358,3.6857456879851975,9.48988418237783,27.559011266204536,116.7786405640336,4.092007808040079,44.62443124329593,2.995666824683001,15.28882994099471,1003.0036611718647
91,983.846588700226,0,983.846588700226,983.846588700226,0.0,0.0,0.0,NORMAL,0.0,0.0,13.85937343810085,159.1147822688533,13.856788571673128,77.02405739310355,22.954212908119047,125.89981836695699,4.036066813743878,9.430201826436395,29.644416526541377,120.41513139091721,4.743854817808421,51.72078194591795,3.331859668443077,17.47648436706332,1035.6279881055011
92,1105.2337185101408,0,1105.2337185101408,1105.2337185101408,0.0,0.0,0.0,NORMAL,0.0,0.0,17.452009371175325,175.84451289426283,16.934006048122644,83.03325363268574,25.205796558208586,145.3324789361843,4.865372960797696,13.477970835626545,37.874244018046596,133.98471772413194,5.776693996996356,57.418427228425266,3.9289285111999583,20.762069880625027,1163.403914221201
93,1227.0173180017484,0,1227.0173180017484,1227.0173180017484,0.0,0.0,0.0,NORMAL,0.0,0.0,18.999877101507,168.29416280973652,16.616749813666633,97.33148835867244,26.044960878167544,166.30335525791168,4.62692108630906,15.525907507013534,53.30503785325275,129.6465937358476,5.530703896537871,68.41021351990746,4.171601561948667,19.69767575548288,1291.5971768439458
94,1198.33925868927,0,1198.33925868927,1198.33925868927,0.0,0.0,0.0,NORMAL,0.0,0.0,16.55252220151497,166.57369224746816,13.633839470268848,98.42231783505329,23.845113747032087,158.64922059272277,4.537946739345161,14.015526580032203,48.56966215209795,122.79400253469561,4.166922616454101,67.61797753722651,3.4921346376506692,16.93835131683295,1261.4097459887055
95,1090.1001795870982,0,1090.1001795870982,1090.1001795870982,0.0,0.0,0.0,NORMAL,0.0,0.0,13.736521836901606,170.7160642235222,12.364106189081049,87.64197177476937,20.450920270119695,124.4194606354975,3.621886364000526,12.206713303645016,32.80029145886344,126.64806974007442,2.71864344394975,61.480100695254414,2.905388722295247,12.915173144024024,1147.473873249577
96,932.0256166863805,0,932.0256166863805,932.0256166863805,0.0,0.0,0.0,NORMAL,0.0,0.0,12.161601955397563,155.32285853865915,10.673674492496728,82.30075115588856,16.227046582712298,98.00861091008636,3.402327086214187,8.229062626510418,23.723171243003502,109.9669116817305,3.061600775377498,50.12243738033281,2.528306997685072,10.388127192447966,981.0795965119796
97,789.9021498108917,0,789.9021498108917,789.9021498108917,0.0,0.0,0.0,NORMAL,0.0,0.0,10.214035893948209,132.72787359905647,9.898047579790854,76.01630703856564,13.194351091147148,74.97009958772864,3.1047062737743265,6.243093212922478,17.959985404862003,89.49051424945613,2.88059331147286,36.55371324643751,2.6236011370494494,8.473344337824836,831.4759471693598
98,622.1672786074697,0,622.1672786074697,622.1672786074697,0.0,0.0,0.0,NORMAL,0.0,0.0,9.807353447268678,116.00273405600737,9.594730180527904,52.5455994831577,12.244848611215223,59.521175060431034,2.918210806686623,5.11535204626053,13.22294372028273,80.47727464591958,2.6327270699844427,29.01480016724345,2.5229148280071767,7.207769259186053,654.9129248499681
99,526.124075622046,0,526.124075622046,526.124075622046,0.0,0.0,0.0,NORMAL,0.0,0.0,9.372351257402899,96.59764213523428,10.242454545198651,41.12447310185091,11.604517354469063,53.72853104709202,2.5767917192662178,4.8216175399138095,10.9344187797964,68.5758049528005,2.2416984169181307,32.829610188860926,2.3860345498558573,5.733359150781155,553.814816444259
100,489.19208974388386,0,489.19208974388386,489.19208974388386,0.0,0.0,0.0,NORMAL,0.0,0.0,9.378278917540976,90.53465407211272,10.574359242104011,40.83674745790581,13.433701687609172,50.60451313104453,2.7556133295769456,5.029608360229302,10.402046805345547,65.14384391445947,2.8698159584082514,36.4836761997074,2.9540606864339796,5.6006568216462185,514.9390418356672
101,509.6201308945188,0,509.6201308945188,509.6201308945188,0.0,0.0,0.0,NORMAL,0.0,0.0,10.280952457877316,91.43479636911985,10.576054439809775,40.9382885608459,13.653336109971832,45.70017344371412,2.935747982175119,5.768850981577558,10.602393646752239,66.51043429641658,3.8048239698266295,35.93352238842412,3.4465830318524735,6.885356823396542,536.4422430468619
102,545.3525882292188,0,545.3525882292188,545.3525882292188,0.0,0.0,0.0,NORMAL,0.0,0.0,10.89184476617781,89.59266565720309,10.290049331161882,43.07128988735315,13.375412658047626,52.06653698349814,3.360548978250411,6.091665592120363,13.520977694271483,66.12967115763868,3.8461866952561317,39.29776999779388,3.7521674198572894,8.477399984276188,574.0553560307567
103,670.5569731462996,0,670.5569731462996,670.5569731462996,0.0,0.0,0.0,NORMAL,0.0,0.0,13.540783851432966,101.96273788224642,12.579783554084207,51.88784824455094,15.258629945026689,79.02552328737548,3.760681733319041,8.527903312967808,17.966610065994466,79.01018850052284,4.266598675295158,47.22786329245355,3.8278616957072247,12.355311557029399,705.8494454171575
104,719.5241517758639,0,719.5241517758639,719.5241517758639,0.0,0.0,0.0,NORMAL,0.0,0.0,10.192172482285537,103.4355383502007,13.020033497299224,60.878066924487094,18.01712941023002,102.37827772704352,3.5403473201061835,9.968707819233456,27.0942786590282,82.89645306802662,3.9164265088392383,43.8056683488155,3.179090496454064,12.675820110952202,757.3938439745936
105,875.1170216983721,0,875.1170216983721,875.1170216983721,0.0,0.0,0.0,NORMAL,0.0,0.0,11.71370279890891,132.91269105227846,13.245477946941005,70.07119424312378,21.710704792394182,112.70426572228882,3.899349596111113,10.456006991799052,32.7925214827401,96.16808964089097,3.8804746618338033,55.30495320633761,2.81811885347702,16.432200635566453,921.175812314076
106,933.8204343848319,0,933.8204343848319,933.8204343848319,0.0,0.0,0.0,NORMAL,0.0,0.0,12.547923068906577,132.93428366315618,14.17055180866552,70.84319149652207,18.461807155820278,137.39166217296108,3.4904281884091994,12.641728629860442,34.82695644281106,98.37281198655691,3.8052883076837416,55.25579155673699,2.661167760915364,16.265954493290312,982.968878299823
107,939.043504873024,0,939.043504873024,939.043504873024,0.0,0.0,0.0,NORMAL,0.0,0.0,12.808867368956601,153.0185678166938,14.659828873285704,67.5448753878992,20.04773105876191,137.13281305935053,3.7539686057844057,12.514335188957702,36.35668864221007,118.50934964588791,3.4025703580757196,59.358360044408485,2.608074926664032,15.45645084631111,988.4668472347621
108,971.9902937190674,0,971.9902937190674,971.9902937190674,0.0,0.0,0.0,NORMAL,0.0,0.0,12.194315680861045,160.04503789096685,13.90120539052788,81.54973023265947,21.18225628137131,128.4277089794518,3.6886666723575257,13.605595837570261,39.41560487437632,117.50336800035778,3.5117574552623516,54.518685844667445,2.342095241575074,16.563277453722947,1023.1476775990184
109,1050.5579658747592,0,1050.5579658747592,1050.5579658747592,0.0,0.0,0.0,NORMAL,0.0,0.0,12.755783571960427,161.30186884009993,13.066138954041564,88.75652812931425,18.627826053411592,131.8527651812799,3.3869702045921457,12.396725763719061,39.601266835342514,117.53711919070082,3.4347164842718785,57.00206737127226,2.3508655685250814,15.07960153510621,1105.8504903944834
110,1028.5900963837578,0,1028.5900963837578,1028.5900963837578,0.0,0.0,0.0,NORMAL,0.0,0.0,14.08783082430103,163.29272084702575,13.58664308103636,86.02087196672444,18.496395407304036,122.17133508787144,3.1270871909997493,11.609925021112115,36.076612798858946,116.6309388673428,3.04626080146658,66.06462442369842,2.114444425726893,14.564598766804346,1082.726417246061
111,983.2642119424166,0,983.2642119424166,983.2642119424166,0.0,0.0,0.0,NORMAL,0.0,0.0,13.7966064404059,169.8525732156778,13.200389677897729,79.99987150733052,17.123957936321748,117.95450102890614,2.9726767235174267,11.361354258525338,35.9591680385586,113.4494927514916,2.9914485173288847,58.536667517469766,1.8155449585069305,14.719882221439507,1035.014959939386
112,955.7576415213093,0,955.7576415213093,955.7576415213093,0.0,0.0,0.0,NORMAL,0.0,0.0,13.053376104478854,161.1614978043116,13.86378745185511,83.68492939362322,15.744741070212939,112.5962670634636,3.092605847880024,11.449810817315965,34.2967197288165,103.52114426808623,2.797332572420169,54.59523004309879,1.8143209921190828,13.695755531068118,1006.0606752855888
113,942.945997330309,0,942.945997330309,942.945997330309,0.0,0.0,0.0,NORMAL,0.0,0.0,14.761012517713986,149.78665254915478,14.336467838832064,76.33663510121414,14.968843518623657,117.73496522568456,2.913060159084769,10.561736975508461,35.11557190897602,102.06877464395441,2.360519753589201,50.033264713524495,1.282836722918573,13.775457137356598,992.5747340319042
114,946.6143430684446,0,946.6143430684446,946.6143430684446,0.0,0.0,0.0,NORMAL,0.0,0.0,14.929463619983652,151.81684528598458,12.961629125309182,74.38100772738893,16.10505114710918,111.66255716983665,2.480594713608281,11.27190989479733,32.93873178379336,109.3729286214145,2.456303828034564,44.81668620563343,1.4148196403179922,14.233425370572643,996.4361505983627
115,924.610249442694,0,924.610249442694,924.610249442694,0.0,0.0,0.0,NORMAL,0.0,0.0,15.300258978863486,143.8512095193729,12.397710165430263,72.23114594268546,15.84229605564791,112.5427966387281,2.4839163104219746,11.386722284007886,35.967532452833396,107.16292324006523,2.8183310537918618,48.01872001012399,1.5110290733982872,13.468269497608617,973.2739467817833
116,1033.225230277892,0,1033.225230277892,1033.225230277892,0.0,0.0,0.0,NORMAL,0.0,0.0,17.409952339857533,151.13618098447958,15.082904027196356,81.54160369205952,19.847881185787447,127.50212825686802,3.1061186888150676,13.513302741019817,41.97701773656287,112.16437977346403,4.253466780219108,54.77713872949124,2.5323658625284318,18.05874309091621,1087.6055055556758
117,1184.2869213085398,0,1184.2869213085398,1184.2869213085398,0.0,0.0,0.0,NORMAL,0.0,0.0,19.43712539585979,179.34580953091532,15.936706345017141,94.39946070903159,24.384823784942885,141.05203048111292,3.78880741273165,15.904086989546425,55.396929215751946,142.88552246240675,4.421275701689027,58.83326038744362,2.775562803002748,20.66807306120531,1246.6178119037263
118,1171.5198513608266,0,1171.5198513608266,1171.5198513608266,0.0,0.0,0.0,NORMAL,0.0,0.0,17.603511292030653,180.07390868464034,14.700518932464025,100.00926096601894,25.192042058039704,146.10087250109643,3.3663153062031888,13.30048558129617,47.45379434424338,141.13814874687571,3.7609453107109814,58.77818939434564,2.4808479468288955,18.233244143874625,1233.1787909061334
119,1058.98719000469,0,1058.98719000469,1058.98719000469,0.0,0.0,0.0,NORMAL,0.0,0.0,15.530102682851362,177.60221243248597,12.402433179059651,91.70128752751286,20.614235437388064,126.64419775791404,2.9449381438798308,11.420031196873587,35.51600703007577,133.02780088739152,2.7732450861986155,60.513946378999364,2.5149774239337273,13.544757218718608,1114.7233578996738
